{
    "AAPL": 0.055155,
    "ABNB": -0.034531,
    "ADBE": -0.1381,
    "ADI": -0.021511,
    "ADP": -0.041323,
    "ADSK": 0.012573,
    "AEP": -0.076407,
    "AMAT": -0.069143,
    "AMD": -0.119478,
    "AMGN": -0.078587,
    "AMZN": 0.055318,
    "ANSS": -0.03922,
    "ASML": 0.009423,
    "AVGO": 0.434237,
    "AXON": -0.081365,
    "AZN": -0.031056,
    "BIIB": -0.047999,
    "BKNG": -0.043315,
    "BKR": -0.066667,
    "CCEP": -0.009925,
    "CDNS": -0.020697,
    "CDW": -0.010743,
    "CEG": -0.12804,
    "CHTR": -0.136534,
    "CMCSA": -0.131049,
    "COST": -0.057219,
    "CPRT": -0.094652,
    "CRWD": -0.011013,
    "CSCO": -0.000169,
    "CSGP": -0.119867,
    "CSX": -0.1171,
    "CTAS": -0.190841,
    "CTSH": -0.044602,
    "DASH": -0.070534,
    "DDOG": -0.06455,
    "DLTR": 0.051494,
    "DXCM": -0.002821,
    "EA": -0.106128,
    "EXC": -0.048534,
    "FANG": -0.077482,
    "FAST": -0.139421,
    "FTNT": -0.005997,
    "GEHC": -0.060562,
    "GFS": -0.007861,
    "GILD": 0.006118,
    "GOOG": 0.118283,
    "GOOGL": 0.121734,
    "HON": -0.030224,
    "IDXX": -0.019704,
    "INTC": -0.16632,
    "INTU": -0.020616,
    "ISRG": -0.036974,
    "KDP": -0.016233,
    "KHC": -0.039412,
    "KLAC": -0.026135,
    "LRCX": -0.019331,
    "LULU": 0.192572,
    "MAR": -0.03511,
    "MCHP": -0.158721,
    "MDB": -0.278086,
    "MDLZ": -0.073055,
    "MELI": -0.143429,
    "META": 0.020306,
    "MNST": -0.046617,
    "MRVL": 0.191606,
    "MSFT": -0.004629,
    "MSTR": -0.252536,
    "MU": -0.13967,
    "NFLX": 0.005086,
    "NVDA": -0.028577,
    "NXPI": -0.093822,
    "ODFL": -0.215554,
    "ON": -0.11347,
    "ORLY": -0.046186,
    "PANW": -0.061627,
    "PAYX": -0.041362,
    "PCAR": -0.085419,
    "PDD": 0.004453,
    "PEP": -0.061764,
    "PLTR": 0.12746,
    "PYPL": -0.016365,
    "QCOM": -0.025903,
    "REGN": -0.050505,
    "ROP": -0.082251,
    "ROST": -0.020939,
    "SBUX": -0.109409,
    "SIRI": -0.153989,
    "SNPS": -0.130942,
    "SPLK": null,
    "TEAM": -0.076637,
    "TMUS": -0.106139,
    "TSLA": 0.170008,
    "TTD": -0.085725,
    "TTWO": -0.022826,
    "TXN": -0.067254,
    "VRSK": -0.06255,
    "VRTX": -0.139769,
    "WBD": 0.008588,
    "WDAY": 0.032161,
    "XEL": -0.06946,
    "ZS": -0.126724
}