Close,High,Low,Open,Volume
AAPL,AAPL,AAPL,AAPL,AAPL
218.27000427246094,218.83999633789062,211.27999877929688,211.55999755859375,93954500
